days_in_crisis,energy_crisis_1970,oil_crisis_1973,early_1980s_recession,black_monday,dot_com_bubble,financial_crisis_2007,corona_2020
-68,,,,0.0026001611625733334,,,
-67,,,-0.01854523530264951,0.01931385771130345,,-0.11170589614973936,
-66,,,0.00028489290247868393,0.018879547179273093,,-0.11247013000529915,
-65,-0.02459761854208431,,0.017220694399130876,0.020072476362658853,,-0.1174617098195373,
-64,-0.022715265600907864,,0.03349345689428784,0.03890627078700437,,-0.12092991791202279,
-63,-0.01733263044996014,,0.02402850069904383,0.04598498182768063,-0.015687885003412894,-0.10202632622960317,-0.04014834915889154
-62,-0.01991357836173857,,0.0075698857670251085,0.04142119494591456,-0.016583140151129938,-0.10134625973421241,-0.053916440767071694
-61,-0.02226541279259453,,0.015458187415680169,0.05015344113213227,-0.013726507406977118,-0.09938547542048703,-0.05586792288409337
-60,-0.021564235351518635,,0.017740573689881245,0.037043230089710555,-0.012834605872906524,-0.09301604866889468,-0.05708065658798411
-59,-0.02274070593975397,,0.011324732105722823,0.031469811011468174,0.0007145758972851857,-0.09414132998922486,-0.07080875821691557
-58,-0.020861889594051775,,0.02492671396456969,-0.007505690102117546,0.0010663788876106306,-0.09489208073997557,-0.07454496168575775
-57,-0.02274424253522822,,0.019822669991267805,-0.006393343049837186,-0.004238660900187874,-0.09414189319308885,-0.07912469378864684
-56,-0.019227243707561237,,0.03604514971316819,0.0015519228958702502,0.006260026763854176,-0.09376694006223019,-0.07170791888947392
-55,-0.020871208010050712,-0.03155712440686864,0.04180551837676261,-0.0031043963945953656,0.011655084195110743,-0.08227694747512859,-0.0691510716525735
-54,-0.01922994189047278,-0.03155712440686864,0.07305551837676261,-0.021392949115299764,0.024030470925946013,-0.07186028080846185,-0.06898064422057404
-53,-0.0199338367755032,-0.03978244843478507,0.07081838191143819,0.005200457478106935,0.02179102217486939,-0.07127377054453221,-0.06846962320057604
-52,-0.018060300475737256,-0.05291376156609817,0.09412500973372517,0.0007854464405793182,-0.009292459175041845,-0.06791267161131587,-0.06792483107282232
-51,-0.019232633418292955,-0.056716042934919386,0.07557901566844327,0.00023326532517342624,-0.013036442059691566,-0.08206606175581377,-0.0657165005706819
-50,-0.018061673230939213,-0.06396183003524614,0.09235509152548194,0.0018870690737952112,-0.016794495030342915,-0.08915561399461969,-0.06888612669112781
-49,-0.015725224632808454,-0.06703481338991979,0.06384796474378651,0.008567607897582374,-0.007223420943139658,-0.1035386571437491,-0.0706615372548205
-48,-0.018067145007515495,-0.048930714823160804,0.06609347372582242,-4.832052393533015e-05,-0.00899898912495778,-0.10202694134631907,-0.07480991904308154
-47,-0.018067145007515495,-0.05322364411609004,0.07352289423102298,0.006535680353931483,-0.006696066184302407,-0.0960164229391064,-0.07738785875366494
-46,-0.014566561576943804,-0.06737727353457346,0.07203479899292764,0.009489728493975336,-0.006696066184302407,-0.09564090660414581,-0.07759413647223345
-45,-0.011078189483920586,-0.06177503263821471,0.07500215804337274,0.006086500916853699,-0.007227792522480292,-0.0948904375609938,-0.07362116500117033
-44,-0.005297842663111285,-0.061011673859588944,0.12570638339548545,-0.006587206698488113,-0.002992000076310175,-0.08855188424257476,-0.07293677257055065
-43,0.00044928377367037253,-0.0661267633736553,0.12711285315638554,3.896668638214695e-05,0.005766687369147094,-0.08706268096632752,-0.06200466670173599
-42,0.00797837343828356,-0.06182914048507859,0.12640912338861632,-0.0032851330366096,0.01219811445066965,-0.0923022019244113,-0.0634960910119522
-41,-0.012510567190354371,-0.06617696657203509,0.10813610296582887,-0.0011842927004751536,0.013760072104262333,-0.08119931517385615,-0.06292019074432786
-40,-0.01484428947740224,-0.06874106913613764,0.10956722997835122,-0.00831124147553075,0.012543738481325617,-0.1006680746063946,-0.07408725134104632
-39,-0.009043825440279263,-0.06746065940502377,0.08085909600705943,-0.03342539672667233,0.010628696698595785,-0.09184234536181723,-0.0726847747726671
-38,-0.011369406835628149,-0.06363412879277874,0.06211143946412734,-0.028427668421356578,0.013406474476373553,-0.0914685135861163,-0.07046626902161757
-37,-0.009049221220778891,-0.062360243442460384,0.08447214327644403,-0.024918896491532005,0.006061248873015623,-0.0920670024018565,-0.06920502004425189
-36,-0.011374802616127777,-0.05653450889332168,0.060063581504007035,-0.02775658094102129,0.004835544092767208,-0.09371555991403346,-0.06852372831513343
-35,-0.00905461700127852,-0.05602817977939756,0.052115057658435604,-0.019650298572185365,0.009020374084048766,-0.10126557878908071,-0.06934194732508847
-34,-0.006739802186463639,-0.0688094461320925,0.07432083115954591,-0.007087763830662341,-0.0031575291986903897,-0.10848991338984126,-0.06169596315836534
-33,-0.006739802186463639,-0.06446938996665974,0.07822852119862278,-0.012565072124872012,-0.0042175998700685335,-0.1054573129349512,-0.06311892019861487
-32,-0.00327959457400695,-0.06370408384421078,0.07652985059300976,-0.016042357598792467,0.004886041586514178,-0.10849913803000821,-0.06430612551729475
-31,-0.00327959457400695,-0.055592796082598595,0.09537043030315473,-0.014921909419520762,0.0029565555314361447,-0.10546653757511815,-0.06251158363336429
-30,-0.001667434279211899,-0.06119076045918903,0.08843865357933123,-0.021454827116650144,0.032243121170802636,-0.10357474794212529,-0.0609564788328234
-29,-0.0007470477168557421,-0.05865268939319912,0.08034744357565338,-0.01886765051372552,0.09316413172404858,-0.10342342767277513,-0.05886485208698988
-28,-0.006067427083036647,-0.051835065997657415,0.0635187225584507,-0.01461137811229185,0.037636705563711015,-0.09569069494004245,-0.039413975474353324
-27,-0.007965992017522794,-0.04656926860548083,0.0775305219684802,-0.01979039184793696,0.07765614820791067,-0.09832524518467922,-0.03726840689868072
-26,-0.005653853289199096,-0.04606801547264883,0.07159580386759001,-0.018328896625902202,0.07895064658978757,-0.09569761755705164,-0.02918118274833048
-25,-0.0026570805828827204,-0.04356801547264877,0.06637581878183318,-0.014409523725566253,0.08697632877277317,-0.08676904612848024,-0.015202167413382872
-24,-0.0026570805828827204,-0.044819579928218056,0.04582787357635365,-0.013290955492904044,0.07676066475461196,-0.07682429474726482,0.0002768231148734257
-23,-0.0021962510897952647,-0.037859599813875655,0.038931321852215706,-0.0006998355459193473,0.06328490468887638,-0.07461922308243574,-0.0030717115025963304
-22,-0.0024267189395301703,-0.037421523977740456,0.05029495821585206,0.0016142140408574868,0.05749978072193418,-0.06313916786191698,-0.00046348605013268873
-21,-0.0021963041929864424,-0.043671523977740545,0.010105832920343838,-0.005376465053683166,0.06488288162431322,-0.04480821208445618,-0.014134290499592694
-20,-0.007990046950808072,-0.041177758391705566,0.00773616467389826,-0.004711129059005947,0.060929661397003176,-0.04125455181437798,-0.01229984147796559
-19,-0.011945375010370629,-0.05125332514233516,0.014405446745298756,-0.0013954791916319653,0.05657330865355348,-0.040331453042809495,-0.014687092268339086
-18,-0.005702600443896588,-0.04624079381401447,0.005699471280320445,0.004100234151960036,0.05574549408401708,-0.03771105644224293,-0.017793687310731388
-17,-0.006860007851304029,-0.04749865148379362,0.024721210410755257,0.0020074926606064025,0.04486683299615091,-0.03984022606608972,-0.015275933921447882
-16,-0.006166045325280534,-0.0400266714090739,0.022386580060560712,0.0005735636952413081,0.028710370411116792,-0.023298033004038987,-0.011705768921930315
-15,-0.008020043007783473,-0.03704678563802832,0.0009239409508627894,0.00024254747544638633,0.023582165282911682,-0.01961235845605569,-0.00974762819260322
-14,-0.004555839774527115,-0.03508524541130842,0.01887866382361847,0.006819331428093545,0.02749839208352456,-0.02555849346829775,-0.013818062638095818
-13,-0.003402437237041478,-0.031381541707604765,0.036595049699893356,0.010314689156111112,0.02493779119584949,-0.011216633163533274,-0.010221171379826144
-12,-0.003402437237041478,-0.028918487520412595,0.004949480079640245,0.009002209663603211,0.014589395197229349,0.0015131149644449504,-0.00638215416823229
-11,-0.0045571716481270785,-0.02842611922893068,-0.05545320448411817,0.020569777231170816,0.009736708888737233,0.00490524522224689,-0.005487185172515452
-10,0.002323562296827175,-0.019635446748653584,-0.028514428973914097,0.04225142715184771,0.010775490052172154,-0.004683795873643426,0.004512181956147221
-9,2.471172211460093e-05,-0.019147641870604692,-0.05190624183941117,0.04362447320169982,0.014054178576762277,-0.006742821268290067,0.0006367054631358782
-8,0.002318289703766019,-0.019879884975315454,-0.018007936754665388,0.03596163795265783,0.01903357418115781,0.0017634733897569088,0.0002871551119966176
-7,0.002318289703766019,-0.013573797175169933,-0.013988644150163765,0.0336147209481773,0.01662393562694109,-0.0023362874575270087,0.0033284983719363836
-6,0.002318289703766019,-0.0016571515266750048,-0.029498848231796382,0.023703063977696837,0.015762609184219345,0.01280503151959278,0.007084337281165087
-5,1.943912905344458e-05,-0.0023765759871066106,-0.030724839241195623,0.017196883105868532,0.017138834885234266,0.012131630846192176,0.0010833847490170356
-4,-0.002746812599853876,-0.004780422140952867,-0.019012399822778803,0.01741370877802806,0.010558748305147803,-0.003600243298814587,-0.009440566866473876
-3,0.00229905895977911,-0.001187607769695398,-0.001942133844215932,0.022161227120712557,0.011942113340596472,-0.004627288831166587,-0.012691709594858658
-2,0.00275756423258966,0.0023923444976077235,-0.0007526017268487672,0.020215281174766675,0.005677975529564727,-0.01117449765266898,-0.006294984717995611
-1,0.0004597701149426925,0.0023923444976077235,0.005942947702060275,0.01478049856607111,-0.00647419072615929,0.004429301533219743,-0.00034960589880494997
0,,,,,,,
1,0.0,0.003072196620583778,-0.023375594294770208,0.009265387160820593,-0.0020997375328084544,0.003066439522998232,-0.0017162471395881784
2,0.0,-0.0030533776520041966,-0.012422247438786505,0.006751725958634824,0.0071936168420820845,0.010199591696911314,-0.006046078403516786
3,0.0,0.0023395345205688978,-0.017644747219435097,0.006203900824417685,-0.003404020406006958,0.020654903669929947,0.0012123471256766383
4,0.0,4.068394585621249e-05,0.006961949029052117,0.004888399837791879,-0.003052835155787359,0.021322460412253053,0.005243965169548392
5,0.0,0.000808733101002268,-0.005636476167798277,0.013669958564465845,-0.005510268892842118,0.033797443734467914,0.010589503913468579
6,-0.0018390804597701038,-0.0014936460240937421,-0.005237752084863656,0.010405540718981587,-0.017827706865743753,0.031030098409304818,0.0196155126564318
7,-0.0011481546191436376,-0.001032107562555229,0.0015378557270135929,0.009532178273566783,-0.02103454812710126,0.038628380536823714,0.02884129497783816
8,-0.0011481546191436376,0.0008131946056748607,-0.02142334775675525,0.012045290161678657,-0.03533302891351775,0.04079231496305313,0.04385055995621989
9,2.5933670473321513e-06,4.5734897309412936e-05,-0.02101816137101775,0.0003831648210791405,-0.03170655565875802,0.039287374833497424,0.06110243119093062
10,-0.0004571767478952493,4.5734897309412936e-05,-0.04248434201095297,0.0011551101232406547,-0.02899652855848711,0.02388763695669538,0.04833061890965151
11,-0.003907038753415026,-0.006866707499003755,-0.0838750704877742,0.021761170729301393,-0.03133887090082932,0.03320544061726105,0.0389989822375314
12,-0.006214908589556312,-0.01846763557324982,-0.1201445005395877,0.023056787226818032,-0.01526518478921668,0.03221632093377935,0.049458337549782794
13,-0.019201898564149555,-0.009077964211747558,-0.11163195573672036,0.025321182309845924,-0.022197285749046003,0.04541764106579249,0.02394380970474641
14,-0.028107452817723533,0.0017747489665471683,-0.08275590065009208,0.008499956900121508,-0.019333494805785056,0.060596794160254985,0.017607815668035043
15,-0.03307316575222341,0.0017747489665471683,-0.11384398355164649,0.0114543282755456,-0.011837510511656824,0.0725970508502376,0.027516233134355694
16,-0.044480009858687164,-0.002059606861673724,-0.0879972812343559,0.015600084330531394,-0.010951770919096937,0.06593883905569098,0.04382697284342396
17,-0.06803770216637961,0.006423701123830949,-0.09147252015703189,0.01483954543439936,-0.01838539923768112,0.07391841135061594,0.05463794826748836
18,-0.052528100984695625,0.0033702660093271053,-0.08885700141248098,0.005488670148980135,-0.014819065428836597,0.0748683796850047,0.06912939198886714
19,-0.02707355553015023,0.01531513584087385,-0.05450917532552446,0.012622903493289317,-0.012686869266789524,0.08277726927690598,0.06250687543257571
20,-0.048350151274831,0.014104482087847203,-0.04147849016369176,0.011751063911772275,-0.013573394089484547,0.09313508471946719,0.052462032383248425
21,-0.04593469233763292,0.02319539117875624,-0.056001311740455195,0.016332215744233047,-0.015880403849910407,0.11519162401738581,0.051284282790931
22,-0.04352505378341598,0.027699895683260922,-0.06273815384571835,0.018938078936415415,-0.01499104063397294,0.1297812896708812,0.0010650840003036954
23,-0.06275582301418536,0.038163273859643465,-0.04959699233660442,0.013306716579906896,-0.020322478345009,0.13769021717237906,-0.0039645206345725326
24,-0.04682445046516559,0.055914753149584384,-0.046668122043717286,0.018643244569451656,-0.0215731483467958,0.12627659215751752,-0.05201929411806361
25,-0.04803072308277723,0.05373452059144501,-0.07044784669953708,0.020484865195602553,-0.033379946200105315,0.09260250917495594,-0.01941863538310351
26,-0.04682299361417819,0.05883284542757017,-0.08796921422090465,0.023945072808059353,-0.03410405916172732,0.09353592547862732,-0.04415499783590915
27,-0.0504418114670131,0.04578936716670057,-0.08274955349885149,0.019203693497714558,-0.03754608814723448,0.10503732429740265,-0.06014084752219939
28,-0.0504418114670131,0.05239729668211901,-0.1100104795049095,0.017146525892690723,-0.03609180710742366,0.08106682644860119,-0.04647288075943856
29,-0.05964277999001544,0.05750305889947882,-0.10867595993195578,0.014000165905710071,-0.03554724366578266,0.07571418161232912,-0.025728769410402252
30,-0.06013153854329023,0.10684993843503754,-0.11978213496527435,0.01421784113426905,-0.01958207675721968,0.061912345588270856,0.02694593886283747
31,-0.05768655076822904,0.12552213760516218,-0.0928279570677002,0.004206959741450689,-0.01690350532864815,0.08329001779729706,0.02675911027806399
32,-0.055247526377985134,0.12076993122362778,-0.11163810579910882,0.0029979028058605417,-0.027054885560170883,0.08643269535857923,0.04504058899119734
33,-0.052814436353654126,0.16395985066145935,-0.10093815038225629,0.0077299375808136395,-0.03281235227481627,0.1079509517839563,0.03433591563665861
34,-0.05402802858666389,0.2005611578510017,-0.10931927080572346,0.011015808336564015,-0.028107321511153582,0.12604356141290451,0.03495423011140042
35,-0.052083921660782906,0.291355609301191,-0.08084951991604383,0.011124978642240824,-0.031169281165332352,0.10285079032856714,0.02917656218827125
36,-0.04432258282983459,0.2740145688387632,-0.1050709732032411,0.011343295419885213,-0.03153061811203528,0.09174995776612493,0.009039205527094696
37,-0.037109598010802713,0.22342633354464558,-0.12457451930253183,0.01985579132733928,-0.03731409904462146,0.08270723871405139,0.03456963589720674
38,-0.031135882359667688,0.26060105473423656,-0.16887831677088627,0.019206510946428113,-0.033860181575070536,0.06886205306269833,0.032281164843273036
39,-0.037549184022375615,0.27613271542718754,-0.17739298091468947,0.013684042077992786,-0.04436742795188209,0.06981929620245586,0.05410250264006189
40,-0.03587574390762538,0.28436800954483465,-0.17834717938797195,0.017168362635484047,-0.04546592667030025,0.0867144189311776,0.054678854032405466
41,-0.03611440739211225,0.29136917640597804,-0.23517621472703598,0.029755168191039627,-0.044182935467954265,0.08107178570233742,0.053799666522931444
42,-0.03348848235033608,0.2647179597199989,-0.2093534299169093,0.026861897723829964,-0.04107109215841731,0.09179057510965138,0.07373533832776213
43,-0.03348848235033608,0.25281319781523703,-0.2350197675279656,0.06071466505322287,-0.04088861040659253,0.08056162938288902,0.1101795712138478
44,-0.038250387112240936,0.2467891014296949,-0.24971075030405476,0.025995330333888123,-0.04216574961476627,0.10201273348383544,0.09683207709822694
45,-0.03394416701654712,0.26194061658121004,-0.21115033899300073,0.03181053601986694,-0.04344452199328275,0.10108623564566377,0.1031451716782752
46,-0.03465879302893382,0.25155255687971745,-0.2240216261217136,0.04176770946740438,-0.05094406470409307,0.10757773487286626,0.08178061544815085
47,-0.03465737410617997,0.24696761479477547,-0.2200095900133887,0.03932946076603694,-0.04412504516852378,0.09123866853380003,0.07802887990119511
48,-0.03823305944587019,0.2166645844917452,-0.19603356603736466,0.04889375407103158,-0.047419938084503954,0.07725090782442068,0.07556772464084638
49,-0.035840714948262464,0.2166645844917452,-0.1823750294519988,0.04678849091313686,-0.046501664438957535,0.0788341883817355,0.09251133511615928
50,-0.0370340323706968,0.25103958449174524,-0.21798619403332697,0.054172457157862564,-0.013107169026113308,0.09590658800234875,0.107535742470519
51,-0.03894562137905999,0.25103958449174524,-0.23944327986167024,0.0435965409274961,-0.007247794026113308,0.090311312901323,0.09581508012350681
52,-0.04540959073505724,0.24499728841923774,-0.23689356033081854,0.035870855669796864,0.010934024155704769,0.08468455453933488,0.09526143480618066
53,-0.04589151844590067,0.24499728841923774,-0.21801915126657845,0.03693740857082073,-0.003975823278414392,0.10386091417466958,0.08161672213234172
54,-0.048061238793055794,0.2370945528569276,-0.2095318821702229,0.026176701134213,0.0018319908715327404,0.12668633058429335,0.08859257268361131
55,-0.04709482178411639,0.23832004305300603,-0.21299722870487636,0.03026932364363677,-0.002892418577286282,0.13241612551794835,0.0882403256410188
56,-0.05023264461781185,0.27259176887919934,-0.19660378608192552,0.011820326539700332,-0.0021891836968359613,0.14800832941599928,0.0785501186229598
57,-0.05507525962991833,0.33768052627564915,-0.2161541282129128,0.017174932593683412,0.02205537006282654,0.16229826150929716,0.09210089697729629
58,-0.057508349654249225,0.33768052627564915,-0.21316310129367044,0.024783628245857336,0.00713255702680593,0.15781552296356738,0.08651316074185078
59,-0.05628883745912727,0.32101385960898243,-0.2181332802201118,0.013456767404433356,0.008003182135634113,0.16278628319748556,0.08177661283211002
60,-0.05385278386594816,0.32948843588016885,-0.23511629720312877,0.021312741217854092,0.01739775416068645,0.1793705136310031,0.08919606302424721
61,-0.05263771703727249,0.33789179722470664,-0.24121385817873853,0.022611864309766916,0.002919987873199248,0.18337738254914848,0.08843317461134859
62,-0.05506490150329191,0.32955846389137333,-0.28927111789244,0.028017854146506038,0.003969305816536095,0.1916442012492625,0.08822762476551105
63,-0.0526318114789609,0.3379618252359111,-0.2774558654756839,0.021888162781843246,0.0034451968018611723,0.19927778903552196,0.09175206085573662
64,-0.05287452992556296,0.3407396030136889,-0.2891331478536032,0.02729824717915985,0.009038624524287275,0.2116234680478677,0.1053320187110397
65,-0.0548167489107535,0.34794181908017086,-0.2977260587021532,0.025361096942396966,0.0026071974427647193,0.22381858999908721,0.10749764587666688
66,-0.05457349909319087,0.34629165406366913,-0.28580839889716947,0.028488118723721145,-0.0035159656083199042,0.19835309164202264,0.10712308166771778
67,-0.055059880416147955,0.34904647500030817,-0.2702837736295035,0.02967053299868616,-0.004396092346570235,0.19666722482550114,0.10899660446704917
68,-0.055059880416147955,0.34904647500030817,-0.242872070941048,0.03761556198730531,0.010403061987467765,0.18963091747959626,0.11495189662159899
69,-0.05627642542831346,0.3517937277475609,-0.2654477507768612,0.0495456855492995,0.016479450876356605,0.181746869551482,0.10156746603188338
70,-0.05627642542831346,0.34795811130920484,-0.26177321009444643,0.05270358028614153,0.010957449150730936,0.19688972669433913,0.10658224949759154
71,-0.05871247902149235,0.33805712121019493,-0.23248450716557623,0.05668719893150964,0.009222241793451769,0.22053171937657956,0.09891013158925321
72,-0.06042188073089405,0.33027934343241716,-0.21673247464525092,0.08616044307866688,0.0064459681503507005,0.23042998717971408,0.0839995081333601
73,-0.05870955196377081,0.34091764130475766,-0.2297389778968767,,-0.00035200988695116564,0.23424158532836648,0.0974245051828112
74,-0.05870955196377081,0.3492278906122368,-0.20389001692373931,,-0.007547517082458155,0.23722504071214734,0.104033524893412
75,-0.06090735416157311,0.34648063786498406,-0.1959848785838184,,-0.003128213564692617,0.23127587900311541,0.10513261669650087
76,-0.06408894985418212,0.34703160205231187,-0.1827495844661714,,-0.007528072769198091,0.23590047095088462,0.11180660259734465
77,-0.06163375712155261,0.3398730117439419,-0.16484924581111582,,-0.017780856930414424,0.22669386385638146,0.09068327796972919
78,-0.0594294955491792,0.34431006110611606,-0.1453625537959068,,-0.014744600456043977,0.20373677175471439,0.08757541154934634
79,-0.059918254102453994,0.34486224222152195,-0.16074716918052212,,-0.016703289914733466,0.1967437647617074,0.07781099285577853
80,-0.0596737553249479,0.3461867455327803,-0.13896686615021914,,-0.008853156105634419,0.21420855349410184,
81,-0.05625160915041849,0.34596628697898846,-0.14035704223919043,,-0.0077910212145031466,0.21060943942987154,
82,-0.05868766274359738,0.34486375114657386,-0.1630948612647125,,-0.020346282045626052,0.22894786677079948,
83,-0.05942026347619811,0.34155249286842815,-0.18731138548123671,,-0.019809032761958334,0.230857825843105,
84,-0.05624333287991268,0.34155249286842815,-0.1863381494715044,,-0.01998801969591224,0.22976850122436865,
85,-0.05746135967650212,0.34155249286842815,-0.17612910717690067,,-0.01837684891180913,0.21013927548827271,
86,-0.05746135967650212,0.3537341097012079,-0.16939185982367633,,-0.018555579921639365,0.2179257048542349,
87,-0.057949164554551014,0.3685043504014267,-0.1488373665158369,,-0.019628157683527103,0.22510009779021734,
88,-0.061121443715117074,0.39060677627743745,-0.18537132436127013,,-0.018017563553247795,0.23793571043709005,
89,-0.0598974535070389,0.4106489703702645,-0.19655265639821717,,-0.02427091356218114,0.23360670610808576,
90,-0.06038645106205098,0.4680429724385169,-0.2073687822585908,,-0.029125282494220084,0.26078061915156403,
91,-0.06136492464326426,0.5438375934654118,-0.2262554621790679,,-0.026053918447246138,0.25866421703516196,
92,-0.06136492464326426,0.51201941164723,-0.2662757256035866,,-0.026053918447246138,0.2530968787530835,
93,-0.06356864648459637,0.4908926510838497,-0.246750659640526,,-0.03361875994580532,0.2522970920295431,
94,-0.06356864648459637,0.5028830587577106,-0.2607258149200291,,-0.03924489424707578,0.2763098988598527,
95,-0.06675883053367615,0.5644944331652936,-0.2476024553399767,,-0.04198262010945941,0.2765704512308793,
96,-0.06552790980497103,0.5511015760224365,-0.2507112636301322,,-0.042348652320293834,0.2888132227859719,
97,-0.0635608579239777,0.5443142457056944,-0.2091312220500906,,-0.04637648095449387,0.30631193611587415,
98,-0.06037067387489792,0.5465921500337128,-0.2340813218504898,,-0.045641186836846814,0.30251830940874214,
99,-0.05865834510777468,0.5147739682155309,-0.2217988244093434,,-0.04380430219320253,0.2921095762277317,
100,-0.06354234999177966,0.5476378179807891,-0.2450546383628318,,-0.033719960425692475,0.29416191075826026,
101,-0.06305155244576721,0.5771832725262437,-0.24557223670651707,,-0.03843951025324743,0.29006564859748196,
102,-0.0640326660096624,0.5904283056388265,-0.2569652972968848,,-0.030414706313798168,0.28672374628385733,
103,-0.06255955037008465,0.6165720964884996,-0.24544093899410835,,-0.0273388966521374,0.28749754045460796,
104,-0.06403049913203618,0.6654043682507077,-0.23560147757515448,,-0.03311090242414305,0.29316764354739144,
105,-0.06673121113792868,0.6856472832304649,-0.2586784006520776,,-0.036739349448816516,0.31315739239413676,
106,-0.06476173797200035,0.6499329975161792,-0.2466049098384292,,-0.041109342165495444,0.32170010596197585,
107,-0.0640246372348997,0.6252416394914878,-0.2554223372243213,,-0.04202375328473462,0.3294230755683535,
108,-0.06672534924079221,0.6146931162847368,-0.2386771776220188,,-0.04403729895561126,0.32497313737305067,
109,-0.06918719069820223,0.5997677431504084,-0.2237518044876904,,-0.04018550145010891,0.2770466412220698,
110,-0.07338264973077879,0.6149192583019235,-0.24200738258099663,,-0.038906495420508946,0.24287867043438072,
111,-0.07462180710376531,0.5999938851675951,-0.2414908536553767,,-0.04146123994605633,0.24395887567337604,
112,-0.08082528104917475,0.6194744046481145,-0.2574949837534666,,-0.02792300357576738,0.26553966876752233,
113,-0.08207372049986128,0.6385826849028916,-0.2396565787167404,,-0.02792300357576738,0.26553966876752233,
114,-0.0808237204998613,0.6594160182362249,-0.24635760964457543,,-0.03515075619363428,0.25233660565688065,
115,-0.07832684159848802,0.6410486712974494,-0.2468765510042018,,-0.038241665284543425,0.25153382267587987,
116,-0.08081750162339463,0.6389696692184473,-0.2505110266012942,,-0.04353074060827122,0.20252471715900788,
117,-0.08256531685435597,0.643136335885114,-0.2604120167003041,,-0.04334738893977108,0.20505921448370512,
118,-0.08406606722954346,0.638986958291753,-0.26514885880556727,,-0.04408066116708542,0.212362585270222,
119,-0.08832458426361167,0.626486958291753,-0.2783693770498824,,-0.036375652911719625,0.22240162598410929,
120,-0.09335603080449228,0.6665713464774071,-0.27783347136928216,,-0.04420379782342532,0.2455932328311552,
121,-0.09335603080449228,0.6584577562137154,-0.2515881580323781,,-0.042001962961039974,0.23318092845986538,
122,-0.09714869831397388,0.652322786888562,-0.25106623736431966,,-0.043832794158403576,0.2353667208095922,
123,-0.10730098257793319,0.666726079069632,-0.24271986282076197,,-0.042365442727736013,0.2473623587594287,
124,-0.11960867488562543,0.6484705009763257,-0.26186109406752867,,-0.0465778969401901,0.2470929622077046,
125,-0.12999289087731825,0.6567349637862431,-0.25869653710550333,,-0.048233221567742235,0.24574561647879056,
126,-0.12395931270313132,0.6649814627575048,-0.2860361795871017,,-0.055233958487417856,0.24925344162719854,
127,-0.13960468428070627,0.6975017879607568,-0.29144158499250705,,-0.038721899118215775,0.2656557002988844,
128,-0.13828018096944816,0.6896277722127253,-0.2620937589055504,,-0.042737230383045,0.2667139013570854,
129,-0.13616377885304598,0.6658182484032015,-0.2895488803416645,,-0.03540719556537952,0.22733758000401982,
130,-0.13748373661439772,0.6332979231999495,-0.27923400520594244,,-0.030677342918481343,0.23806660338778873,
131,-0.14488526978912686,0.6501046458890251,-0.28138338725860235,,-0.029772037830666842,0.23752223757396185,
132,-0.16885331239898038,0.6501046458890251,-0.2646897954438473,,-0.03972138660056557,0.21628040750860233,
133,-0.17840310776050838,0.641013736798116,-0.2652194564607965,,-0.04173125321850801,0.21294150934499634,
134,-0.18336178544645876,0.6501880487247215,-0.2869470664237006,,-0.04539291561323522,0.20847473100887126,
135,-0.2005267909835573,0.6377913545098455,-0.2864053546143832,,-0.0481492551942716,0.207353026017284,
136,-0.20193524168778254,0.5938583001165401,-0.29236095829602915,,-0.051650268645534014,0.19556189743783425,
137,-0.1977039299811535,0.6244928734206976,-0.2939949452241337,,-0.05312955858636237,0.1853346247105615,
138,-0.1977019546022759,0.6329854424228207,-0.2858116391684873,,-0.05312955858636237,0.16466872344764527,
139,-0.19910644898429852,0.6426696529491365,-0.27607137942822746,,-0.0512777067345106,0.16525488991892312,
140,-0.20613879778879918,0.6309932559516385,-0.28571768167903133,,-0.04295977697480635,0.19630351323468187,
141,-0.20387250883695773,0.6394320745170392,-0.3192674652288149,,-0.03837682555409139,0.18295124050740919,
142,-0.20754690114899854,0.618511572424989,-0.3293458526868216,,-0.04111405183146366,0.19302898309307004,
143,-0.2089653408653105,0.6056910596044762,-0.35932322825243246,,-0.047152478180960355,0.19188873223788194,
144,-0.21322670450167425,0.6065568604702771,-0.3657372224215286,,-0.052123023099958976,0.20045037607349836,
145,-0.21465323802521197,0.6229928466294468,-0.375126893783031,,-0.045647537438534336,0.17951093068583568,
146,-0.21322466659664063,0.6110779530124254,-0.39289940563137227,,-0.051897537438534314,0.18124503473207854,
147,-0.20894506602602703,0.6102166265697037,-0.418864132355264,,-0.051342598481819546,0.19826753905983396,
148,-0.20610415693511808,0.6059062817421175,-0.4157681571230658,,-0.04764505734667435,0.21613987948536584,
149,-0.21120330707676116,0.6007114765473123,-0.4336693916909671,,-0.05224995695986279,0.22673073790231124,
150,-0.21319647336377712,0.5907027733271207,-0.41229918427424805,,-0.0648332286104919,0.23555588958460583,
151,-0.2123405532496544,0.5577357403600878,-0.3870684150434789,,-0.06633247898530459,0.24485058614010058,
152,-0.21433599224623368,0.5281902858146332,-0.39547177638801667,,-0.07609223874506421,0.24457973023544188,
153,-0.21462162492261183,0.48369379869519524,-0.4215008320780893,,-0.0724910257048823,0.24972738669710537,
154,-0.2103359106368976,0.4199683084991168,-0.3966406704870389,,-0.07343531276814952,0.22735541904211887,
155,-0.2114738907222461,0.40426150221639434,-0.38208639516866416,,-0.06965459443166555,0.2226683498389206,
156,-0.2089105184636303,0.5000061830674581,-0.3898568673742828,,-0.07210280535445268,0.20106170163947457,
157,-0.2089105184636303,0.5097149209315358,-0.39588096375982496,,-0.0728579497758235,0.20417608442543156,
158,-0.2089105184636303,0.5625995363161512,-0.4116385395174007,,-0.06889044552492596,0.20699855126144617,
159,-0.21231960937272132,0.5278963399691193,-0.398091741487844,,-0.06964317416625077,0.19686626868334312,
160,-0.209754044948548,0.5023523475377096,-0.40720474270291085,,-0.07491624384610007,0.20169993373878814,
161,-0.21316604381121518,0.47565331841149605,-0.40781786348770543,,-0.07283369935537698,0.19632358965276664,
162,-0.2145925773347529,0.4831346151696009,-0.40475037882512876,,-0.07207798425996781,0.20969485565561152,
163,-0.21602114876332423,0.5128375854666306,-0.42248738188323276,,-0.07207798425996781,0.21615190225864356,
164,-0.21745176392784515,0.5445683546973997,-0.4206193868645528,,-0.07170041204928268,0.1957892802223814,
165,-0.21515950031753006,0.5277929586116589,-0.411296826267909,,-0.0730214160122944,0.19379611393536544,
166,-0.21773239911684383,0.5088356126400949,-0.4445480577950026,,-0.06508490807578649,0.17781893847174202,
167,-0.21887885942065577,0.5242390751831455,-0.4477327711707988,,-0.07052172847323679,0.1821680251635368,
168,-0.22031357965021114,0.5337538230423272,-0.4447934740461983,,-0.06712870302554597,0.20786086581018803,
169,-0.2217503612594065,0.5280987806295092,-0.44262731706352754,,-0.06712870302554597,0.20026165387661077,
170,-0.2217503612594065,0.5257291123830637,-0.43245567052824474,,-0.06712870302554597,0.20706823357031479,
171,-0.2203115123385433,0.5209785185588357,-0.44126624321546937,,-0.06938402538480348,0.22453302230270922,
172,-0.2188747307293477,0.5018854397998859,-0.42285354480277093,,-0.059593025573092095,0.22951641100702813,
173,-0.21457057004068214,0.4970192597512241,-0.38170641263319494,,-0.052880364748926434,0.20031530907865347,
174,-0.21485628432639636,0.4774593575507351,-0.40625731083678773,,-0.05602909599545347,0.20996343620691682,
175,-0.21514208026809412,0.477958110667942,-0.3921382193696299,,-0.05602909599545347,0.20237490332327435,
176,-0.21457032497935757,0.5148474426719301,-0.39577018062870983,,-0.05565748692819228,0.23267793362630462,
177,-0.2148560392650718,0.5052320580565455,-0.375114044541225,,-0.05008542154929185,0.24367298585280273,
178,-0.21428444738167673,0.4896980774740213,-0.3477330921602727,,-0.04971600891537964,0.25536412234002415,
179,-0.21485571273443294,0.5079426534109049,-0.3535268349180942,,-0.04676179916648748,0.2631577262099515,
180,-0.2151415086761307,0.5103639609169582,-0.35236133375259304,,-0.03829346337856432,0.2607577262099515,
181,-0.21456975338739415,0.4958712072937699,-0.36982349906109124,,-0.041761882509633974,0.25942118517814183,
182,-0.21456975338739415,0.493420226901613,-0.39885193508004857,,-0.050005150507435814,0.24090638989768542,
183,-0.21456975338739415,0.5007912342726204,-0.3884797569226355,,-0.04982044419047982,0.24554233208475928,
184,-0.21456975338739415,0.4885961123214009,-0.39391453953133115,,-0.0540679049476358,0.2523284341477342,
185,-0.21428403910167992,0.47625043330905514,-0.3617348188270203,,-0.0551806645915528,0.26553954226312915,
186,-0.21399840642530166,0.44375043330905517,-0.3699701129446673,,-0.05128166719088434,0.29028674822374645,
187,-0.21456950865260038,0.45408635062171676,-0.3498040393978108,,-0.05183650351416913,0.29573987728113404,
188,-0.21456950865260038,0.46840860126110306,-0.33468776032804337,,-0.05424212897678937,0.3143349186034482,
189,-0.2148552229383146,0.46689574195701833,-0.3278149080943664,,-0.04348345711628121,0.3057142289482758,
190,-0.2148552229383146,0.46184523690651325,-0.32891346979952185,,-0.04109769826144527,0.2934380141145162,
191,-0.21514101888001236,0.4846878765004218,-0.3340387545375628,,-0.03395745659172733,0.2874825506240968,
192,-0.21599865181311684,0.47327348444086836,-0.3002665736560516,,-0.03613887815144379,0.2882640041276132,
193,-0.21514028271440455,0.5124301109468925,-0.3074648017845123,,-0.04834510879454801,0.28930512854198076,
194,-0.21485440507003617,0.5148455698840906,-0.3007721079752541,,-0.06291537806787906,0.25290367248373846,
195,-0.21514020101173392,0.49720701566722314,-0.2902457921857804,,-0.06310253883898131,0.25452266870608053,
196,-0.21456844572299738,0.4906332323077255,-0.30559666937876284,,-0.061979363998098,0.24644077215435645,
197,-0.21456844572299738,0.4965591582336514,-0.2833249544567138,,-0.05861361979465729,0.24969987047048892,
198,-0.2139970171515687,0.5127594527844616,-0.309468745306387,,-0.06345894219495551,0.24239072049755983,
199,-0.21456811937886744,0.497300515586394,-0.2725559936285348,,-0.06608066504139742,0.22139262941493099,
200,-0.21428240509315322,0.48846832716637434,-0.2757922395832273,,-0.07415426624304977,0.24423385504167194,
201,-0.2151393031222878,0.471141594493107,-0.28769700148798916,,-0.0758578437558266,0.23824256963862178,
202,-0.2148534254779194,0.4862549446190516,-0.3101504516522827,,-0.07301096828135323,0.2308453093646492,
203,-0.21599660924470987,0.47632938630639654,-0.30062664212847323,,-0.07660332978636364,0.20462394585374666,
204,-0.21599660924470987,0.4798381582362211,-0.3649995611073855,,-0.07129023680723667,0.20178947873356523,
205,-0.21571048621180577,0.46135663975470265,-0.34068164888911734,,-0.07129023680723667,0.19269340141690805,
206,-0.2148523626420118,0.46135663975470265,-0.347630114436309,,-0.06657147501033223,0.1708919097358983,
207,-0.2148523626420118,0.4511785227063566,-0.328971222308029,,-0.06675933899680586,0.1708919097358983,
208,-0.21370917887522123,0.4588906049685674,-0.3329780912261744,,-0.07371161257816639,0.13012944639278978,
209,-0.2131382396802457,0.4486865233359143,-0.31861027513422036,,-0.07125182071440117,0.13104659711122446,
210,-0.21256762627083048,0.46415044086168744,-0.3146442694684979,,-0.07634808345505795,0.13043572356204913,
211,-0.21085676228451722,0.45907429872970773,-0.30900092861071005,,-0.07900412595173789,0.09192716610483642,
212,-0.20801019240122676,0.45907429872970773,-0.31405143366121513,,-0.07101477841512016,0.10432386031971252,
213,-0.2105648333322514,0.45295184975011593,-0.29092678617108547,,-0.07271321208184967,0.09490470804341744,
214,-0.2102802573504643,0.4591120140211631,-0.2997470728304019,,-0.060803949321925455,0.12913608680728428,
215,-0.2082887922011043,0.46421405483748956,-0.3136514109839058,,-0.0643533608668535,0.15089520418393143,
216,-0.20686914427379022,0.44898562844155043,-0.311395347814137,,-0.06904027500258658,0.13949748372802262,
217,-0.20573503596644693,0.4479547006064989,-0.3059929842800909,,-0.07940004143694335,0.1431382604270518,
218,-0.20601824185712958,0.37674727026594157,-0.3124857638614186,,-0.07768706085072341,0.1431382604270518,
219,-0.20375195290528814,0.3906361591548304,-0.32837308780508057,,-0.0784470836514074,0.15674164615861164,
220,-0.20375195290528814,0.3796772550452414,-0.3269991468845401,,-0.09004624699044528,0.15047859814191022,
221,-0.20488253515514676,0.37690717194274836,-0.34597925207548463,,-0.08542908654411963,0.10868927675814233,
222,-0.20658032802441673,0.3824627274983039,-0.3349069910032235,,-0.08676956911784628,0.1149510175220746,
223,-0.20601343460038057,0.37970029655907733,-0.33778883538362703,,-0.08868711465955292,0.11775126643308897,
224,-0.20374714564853913,0.37692836878415203,-0.3528177371177311,,-0.09521929525513406,0.12116423571636548,
225,-0.20346450008607442,0.3797061465619298,-0.34953135214120545,,-0.0994737914841034,0.1205458065265077,
226,-0.20374706578259882,0.39909672827938136,-0.34157627493016196,,-0.10403907574898963,0.08805818276413147,
227,-0.20318177465766962,0.5023575978445987,-0.35620023036191684,,-0.09916102696850182,0.08038309482041539,
228,-0.19329476900795206,0.5048206520317908,-0.35031094885426073,,-0.09391830852189986,0.03526546671857844,
229,-0.19749057320375618,0.49744964466078345,-0.34328518773013894,,-0.08773712250683341,0.04809030640808232,
230,-0.19327709005768878,0.490023902086526,-0.34735495517199944,,-0.07717847401384048,0.08107931007352709,
231,-0.19327709005768878,0.5423929793932591,-0.3403497012315442,,-0.05780157431779187,0.08688576168643036,
232,-0.1918784886590874,0.5376536429003681,-0.34672651282574707,,-0.06376504804123584,0.12986202852414686,
233,-0.18964385178757892,0.5447965000432252,-0.347309943397509,,-0.06507738399924101,0.19136264353029697,
234,-0.1876929041844575,0.5589808972063458,-0.34380731642728135,,-0.0772793738622033,0.19831513483968288,
235,-0.19047454535274688,0.5426638808893295,-0.3699853268984855,,-0.07955987557257971,0.2213300945635034,
236,-0.19186924549221707,0.5298676723585238,-0.3855169875914365,,-0.08203606604877012,0.23257868848926277,
237,-0.1935452231458482,0.5284274419216539,-0.38673057982444625,,-0.08661884244747187,0.2292416473324218,
238,-0.19046743915032505,0.5250620573062693,-0.38430044616709513,,-0.07510915512731065,0.2208711116181361,
239,-0.19046743915032505,0.5380866593323185,-0.40430044616709515,,-0.051782775457293484,0.23606525905764086,
240,-0.19046743915032505,0.5547533259989851,-0.4179058883439659,,-0.04177536255885017,0.23939120140797354,
241,-0.1896306190666429,0.5758306093713504,-0.4053667033909878,,-0.05351848182490515,0.21673926770631613,
242,-0.18795837826396744,0.5703260222153872,-0.41217784890182374,,-0.07375613499980294,0.2116516475819521,
243,-0.18016761588221997,0.5666359853150181,-0.4109309661088063,,-0.08057819298729585,0.17983346576377024,
244,-0.17989152532451713,0.5550619112409441,-0.4227616012271127,,-0.08572988159633999,0.15166445167926323,
245,-0.17989152532451713,0.6019003187350893,-0.4164604039996396,,-0.08630525558943536,0.20903160143771726,
246,-0.18071956838275605,0.6041374552004137,-0.39078726686751675,,-0.08246722066331758,0.21045935700596397,
247,-0.18348199932198261,0.6063695980575565,-0.3859032619835119,,-0.08074670833297926,0.2409697647618808,
248,-0.18680609904497447,0.6442315134250398,-0.3786128610114585,,-0.0839909831421396,0.21883362751782987,
249,-0.18763989559861527,0.6850040456138811,-0.4075634038341365,,-0.07748131436940342,0.23807528003622258,
250,-0.18763989559861527,0.662323633242747,-0.39700439762295625,,-0.0799542076545472,0.16145118231273559,
251,-0.18680540324812867,0.6876400889389495,-0.3730338997741547,,-0.08071698416103079,0.16265382813354146,
252,-0.1873612676172225,0.7287923523134351,-0.3502247761246948,,-0.08777805286332097,0.18007124555095877,
253,-0.18708318085415243,0.7090295064636327,-0.37193839114816896,,-0.08777805286332097,0.12753287483076992,
254,-0.18763919975879506,0.6767714419475037,-0.3755376712921401,,-0.09719569653043603,0.1051029682887138,
255,-0.1884736921092819,0.6934381086141703,-0.3875786104853972,,-0.10398653859485196,0.11848728951242327,
256,-0.1893088814188587,0.7159790922207276,-0.39915691639642703,,-0.09949347354308391,0.08955647190236038,
257,-0.19098065628650995,0.7219911162688237,-0.38867602860357864,,-0.0903530612521466,0.05328704185054689,
258,-0.19349251785502786,0.7279672118863536,-0.36976205666947237,,-0.09555637595632838,0.021028977334417887,
259,-0.196010704760456,0.7446008752526903,-0.3799416973880353,,-0.09284424887380227,0.010612310667751257,
260,-0.201620802937174,0.7574563485678443,-0.371472247902252,,-0.09207145134675432,0.03587546856248813,
261,-0.20303124017271712,0.8209178870293827,-0.37267200795024236,,-0.10114481042011347,0.03587546856248813,
262,-0.20726852830831033,0.8147696049317336,-0.3738732091514435,,-0.09705363566850622,0.08173446924695094,
263,-0.21095647157072173,0.7936633458342081,-0.38650099026990414,,-0.0910388898400235,0.07028158966579912,
264,-0.20896330528370588,0.8419904833806765,-0.4130539744355557,,-0.08602442503770902,0.03784200012591166,
265,-0.20839496200436503,0.8412812635225205,-0.41105197243355374,,-0.0925490844121093,0.03613142879508713,
266,-0.19959064504895463,0.8313451386112359,-0.42453848592006715,,-0.07613030905958862,0.05223835134477861,
267,-0.19987217658048628,0.8170082210485119,-0.4182093719960165,,-0.07327968192161816,0.06910175775287297,
268,-0.1987457333250653,0.8028264028666938,-0.4244986801721171,,-0.07801722219071039,0.07009678262849484,
269,-0.1959327938032649,0.7803254806977524,-0.40297969283034507,,-0.07497076369870748,0.044583197472762515,
270,-0.19677430852977262,0.7652311410751109,-0.4079363223222906,,-0.07459111297737098,0.06872464595967165,
271,-0.19958172009630815,0.7882196468222373,-0.42038962244682365,,-0.07459111297737098,0.04316023692912718,
272,-0.20352316153774963,0.8369087853990163,-0.410931867087429,,-0.07041653992234254,0.030894478837134032,
273,-0.20295787041282043,0.822623071113302,-0.44091312879885936,,-0.07589650968802675,0.015371884839203709,
274,-0.20295787041282043,0.8298694479248963,-0.4389813837892006,,-0.07266641278511965,0.063024302498629,
275,-0.20437029979135146,0.8586464263421625,-0.462117630575833,,-0.07285580672451364,0.04496410182973265,
276,-0.20323875806575042,0.8726324403281764,-0.4759334200495172,,-0.06357374572811281,0.05041369311038668,
277,-0.20295619236922602,0.8829772679143832,-0.46392541471262605,,-0.06282299497736188,0.08293401831363867,
278,-0.1987189042336328,0.865912421498001,-0.4784277218978601,,-0.06807430780556911,0.05143795532151263,
279,-0.2001253739945329,0.8798013103868898,-0.4744143439714388,,-0.05808184928369864,0.10089594990145845,
280,-0.20153382469875813,0.89966432408552,-0.4844076817462556,,-0.0558417895487725,0.16287141794535775,
281,-0.20068756235743246,0.9037184991470825,-0.47229462656455967,,-0.053606736466261684,0.16043980700310856,
282,-0.20040571342845825,0.9070629807524336,-0.46897015847945334,,-0.056208483353457295,0.15068965465697814,
283,-0.20040571342845825,0.9520629807524336,-0.4828866594734891,,-0.06272981743208594,0.15315005911738255,
284,-0.20181456099115214,0.9919353890458945,-0.4707898852799406,,-0.046600785174021664,0.10833729054770791,
285,-0.20435406437715653,1.0318126896593913,-0.4568456621723709,,-0.03515744814928923,0.11090798463511142,
286,-0.2057684915341581,1.0642610672405122,-0.45226151024047834,,-0.03880708318578563,0.09327977950690625,
287,-0.2057684915341581,1.0585467815262266,-0.44313504348689303,,0.028042733664031205,0.10241517918064202,
288,-0.2057684915341581,0.9924548275032381,-0.4625148884481334,,0.003665051260597685,0.07105404112697244,
289,-0.20435206093925717,1.0232240582724688,-0.4634371545877909,,0.0001457832683400273,0.09541986222176546,
290,-0.20548360266485832,1.0142688343918718,-0.4664702549438504,,0.010387704511497509,0.0960715402927983,
291,-0.20548360266485832,0.9721001596930766,-0.4512586147322102,,-0.02387204028836265,0.14100804306062642,
292,-0.20661642622758836,0.9783894678691772,-0.4499556831361189,,-0.025681995039493866,0.1727936460522126,
293,-0.20576584499708106,1.0158894678691772,-0.46166680870540977,,-0.04290774299960265,0.17128352826302506,
294,-0.20576584499708106,1.009865371483635,-0.46495844794174945,,-0.05582287215089421,0.17067856758546907,
295,-0.20548255887810074,1.012895674513938,-0.4553151190117628,,-0.06367333944061393,0.1855090760600454,
296,-0.2057657647687834,0.997789934332669,-0.46094118207600454,,-0.059528652176107366,0.22338560454200185,
297,-0.20548247864980307,1.006992388320399,-0.46752012944442556,,-0.06253052834871531,0.20643158155349606,
298,-0.20576568454048572,1.006992388320399,-0.4734803943450878,,-0.06328325699004012,0.18363123077886878,
299,-0.2054823984215054,1.0030410205392442,-0.4768115069366934,,-0.061023369984390285,0.1994852541112051,
300,-0.20576560431218804,1.00395649200705,-0.48951204169605167,,-0.05764118283670161,0.19300704445278338,
301,-0.20576560431218804,1.0344442968850989,-0.48951204169605167,,-0.05202320530861182,0.2365755091830739,
302,-0.20633217655014824,1.0758644152282941,-0.5030530031043117,,-0.046809052608425716,0.22464707975961462,
303,-0.2057652831261121,1.0701825970464758,-0.5119754464811133,,-0.039213646902608756,0.23010841922497816,
304,-0.2057652831261121,1.08446831133219,-0.5071278010517504,,-0.03755893096217866,0.2060946970980485,
305,-0.20491542476917157,1.080242959219514,-0.4969279388877257,,-0.03829314535278072,0.1999435547430397,
306,-0.2054815159098451,1.0547832703934885,-0.5074341471016702,,-0.039027899210238415,0.20023827917569514,
307,-0.20519831001916256,1.0649429220625741,-0.5111572579676383,,-0.03388084038670902,0.2087827694526545,
308,-0.20491518431134836,1.0678164852809648,-0.5111572579676383,,-0.04083036489292691,0.19884996197383475,
309,-0.20576432102235886,1.059220496742283,-0.5319185036423788,,-0.04009371664246664,0.17494910626418592,
310,-0.20633089326031906,1.065578878245173,-0.5524132032890219,,-0.03420486864835537,0.17434451134278328,
311,-0.20774812682040988,1.0822359718695267,-0.5642458151216337,,-0.03566846176946781,0.16829490456722374,
312,-0.20718042883573762,1.0963602656548375,-0.59900048801883,,-0.031637681263787965,0.15429612185267716,
313,-0.20689674089247523,1.0782544160726648,-0.6027826362790418,,-0.0287179732345908,0.18361710950699817,
314,-0.2071803483797129,1.06123313947692,-0.5913931146389506,,-0.04800472723750204,0.2070272831716664,
315,-0.20746403632297528,1.0251581034018842,-0.5951468683927044,,-0.04392309458444077,0.2023393253632867,
316,-0.20718026787802646,1.0431221752581716,-0.6207685714823803,,-0.05223795046027224,0.21499755321138803,
317,-0.20718026787802646,1.062239822316995,-0.6555713557051182,,-0.05167897896781837,0.23331150669976009,
318,-0.20491076433192712,1.0636828237599965,-0.6155072531410155,,-0.05988893128554429,0.27270631115308575,
319,-0.2026463997692326,1.0564782128089878,-0.6417013979792281,,-0.06439512730507113,0.2586991702577274,
320,-0.20123436926937377,1.0428352519962156,-0.6290431701311268,,-0.06062296585656113,0.25619220646942653,
321,-0.19728625872227845,1.0434238335147559,-0.6423244201311268,,-0.05554968513502789,0.25284118720106574,
322,-0.19475816883463815,1.0551885393971088,-0.6263307542562256,,-0.055175783471165474,0.2833819549231168,
323,-0.19363740671639784,1.071176911490132,-0.5999903552537319,,-0.059847807391927965,0.28202252044785847,
324,-0.1916782687371087,1.0708907884572278,-0.5923973408270046,,-0.059660049224447675,0.26704838486386717,
325,-0.18832631342984596,1.0482805995619788,-0.604454612869205,,-0.052526578227638954,0.267601176461435,
326,-0.18331517757238502,1.0380316976586115,-0.6212356960118441,,-0.054949690995579226,0.2841757620967942,
327,-0.17860603629814664,1.0380316976586115,-0.6328726238628914,,-0.05139961625716383,0.27656706644462026,
328,-0.17915745620440537,1.03951098759944,-0.614819248666659,,-0.04488313887864959,0.25685184191011856,
329,-0.18385108281302798,1.03951098759944,-0.6279264190598741,,-0.04710289470550877,0.27333228883749283,
330,-0.17913933115005665,1.0409880924738861,-0.606051419059874,,-0.050810718213109785,0.30438477578445633,
331,-0.18134622770178077,1.0418730482260985,-0.6037578410782227,,-0.05062463708173637,0.30998179070982956,
332,,1.0380416306015774,-0.5740095573253623,,-0.05192696266313179,0.3017655171874336,
333,,1.0202901513116367,-0.5503058536216585,,-0.055280166836008005,0.3363038497150397,
334,,1.0022178621550102,-0.5257038275724544,,-0.06032689580797068,0.332171618310081,
335,,0.9700092731979549,-0.5327659744651098,,-0.05976330384854911,0.34928780088269507,
336,,1.0238919990299675,-0.5270760740383672,,-0.06126536918839154,0.3579568472875906,
337,,1.0326138035412455,-0.4895937543778298,,-0.055812191301967795,0.3546706996637281,
338,,1.0254581684786337,-0.499137039994735,,-0.05712133661709784,0.3531490156667715,
339,,1.0239566669771323,-0.5005135024861321,,-0.05393781601784686,0.34730700398274816,
340,,1.0128288474282603,-0.5163646396329274,,-0.05636454739735042,0.30438416289945747,
341,,1.0103957574039293,-0.5555803259074372,,-0.0591714336248953,0.32093515061969247,
342,,1.0195420988673438,-0.5446473813010233,,-0.05935908609252527,0.3054414531407009,
343,,1.0038321290788241,-0.5496942450357025,,-0.04584557257901167,,
344,,0.9921685317798676,-0.5286797522820794,,-0.02436409109753024,,
345,,1.0045908920283149,-0.5151950113310504,,-0.025089254259241578,,
346,,0.9831184993902781,-0.5299008936839915,,-0.029080545986382433,,
347,,0.9972250824623784,-0.5220828410898195,,-0.02598400682426949,,
348,,0.9493116357854078,-0.5383028692985642,,-0.023986549043263694,,
349,,0.9590518955256676,-0.5024605753917543,,-0.01836857151517368,,
350,,1.0008525386124845,-0.5564398141460796,,-0.021251973930023205,,
351,,0.968445131205077,-0.566242301344324,,-0.022517110384026373,,
352,,0.9604706495463848,-0.5777671240393594,,-0.02414577487914038,,
353,,0.9540397813791822,-0.5770197398839034,,-0.027770933479829174,,
354,,1.0009653477222242,-0.5941967376434255,,-0.035229547269168826,,
355,,0.9839638021271702,-0.5843183181905379,,-0.04164450328089908,,
356,,0.961951223510818,-0.586575654533653,,-0.0350036621076838,,
357,,0.974169873028503,-0.5880839501595957,,-0.0370194216825418,,
358,,0.9732168870056312,-0.5812863670780247,,-0.034448727595138284,,
359,,0.9684474116479206,-0.5655324285934035,,-0.03700790550642896,,
360,,0.9716422998268343,-0.5670095334678495,,-0.0406803256312912,,
361,,0.9939352934574076,-0.5551752139412223,,-0.037915858252006385,,
362,,0.9752437046723609,-0.5537132256371287,,-0.03221837617150636,,
363,,0.9625452919739482,-0.565392057753917,,-0.03989381476799769,,
364,,0.9503266424562633,-0.5934570503683926,,0.03967420060395721,,
365,,0.93828237162293,-0.5968005154139854,,0.026545470851186415,,
366,,0.951461943286851,-0.5896336962618048,,0.022053418328726315,,
367,,0.9270716993844119,-0.6078017507659683,,0.023441825131919614,,
368,,0.9254050327177452,-0.6047177106734472,,0.03730664315618315,,
369,,0.9037021946543061,-0.6247023378832858,,0.022605788455328457,,
370,,0.8900503175212003,-0.6254866516087759,,0.02191182592930485,,
371,,0.8883202137149719,-0.6196781743717271,,0.0338909925959715,,
372,,0.8796547024498073,-0.6246727115966374,,0.028229644165709056,,
373,,0.8376966604917653,-0.6042805547338922,,0.039616807726785774,,
374,,0.8340470254552689,-0.5935196016209022,,0.031087295614878552,,
375,,0.8178616604326946,-0.6018846206323091,,0.034700509654795764,,
376,,0.8701004664028439,-0.5995840071353765,,0.029385920249687003,,
377,,0.9020153600198652,-0.6041746727818953,,0.030247692052513542,,
378,,0.8556236074425456,-0.6180101839271681,,0.03317519334405816,,
379,,0.843010994829933,-0.6359369181438478,,0.03540733620120118,,
380,,0.843010994829933,-0.6295877117946415,,0.029068463492617935,,
381,,0.8557847174576702,-0.6548243048545783,,0.019240877285721325,,
382,,0.8720009336738864,-0.6556333663432514,,0.0007836249785649896,,
383,,0.8702278840284964,-0.694499763104385,,0.0006062256526824239,,
384,,0.8933184701741447,-0.6700684235930119,,0.0007836564546697122,,
385,,0.9037351368408114,-0.6700684235930119,,-0.001877333433568662,,
386,,0.8865530062566189,-0.6495092130666962,,-9.860700169395109e-05,,
387,,0.893546013249626,-0.6648194467492102,,-0.00222928881987583,,
388,,0.8952821243607372,-0.6705477609881628,,-0.008812918713114293,,
389,,0.9282110671683628,-0.6532638103708789,,-0.020455404831688506,,
390,,0.9282110671683628,-0.6257557197559921,,-0.019911729587034577,,
391,,0.9852580470341346,-0.6485903654252835,,-0.021904122269519655,,
392,,0.9820834438595314,-0.6405323476976444,,-0.017548405391116684,,
393,,0.975714017107939,-0.646020106578565,,-0.015560693067300124,,
394,,0.997508888902811,-0.6596857014338705,,-0.0106914414893019,,
395,,0.9793156643105901,-0.6376808114583205,,-0.004230565681692666,,
396,,0.9607853128728904,-0.5898339215061673,,-0.010115016466285986,,
397,,0.9698998962062239,-0.545693891064767,,-0.0034782451658375013,,
398,,0.966674089754611,-0.5179970980618515,,-0.005972899478025817,,
399,,0.9504928599811482,-0.5172878782036955,,-0.01186786196462808,,
400,,0.9652954915600955,-0.5243750504219804,,-0.009352138694187828,,
401,,0.9523295272164974,-0.5336541367888612,,-0.004512561709064999,,
402,,0.9474034188421132,-0.5322132145986596,,-0.00576122385676392,,
403,,0.9787565541556447,-0.531493790138228,,-0.015763009889984136,,
404,,0.9579565541556446,-0.4775757455659777,,-0.005479769767306797,,
405,,0.9742964234366903,-0.5144106705318713,,-0.017979769767306752,,
406,,0.9726887063948897,-0.48537384333640377,,-0.011650655843256086,,
407,,0.9775196242692858,-0.5156560181471401,,-0.02171354892501709,,
408,,0.9743144960641577,-0.5184949109789357,,-0.025162450722076457,,
409,,0.967883627896955,-0.5305945551070497,,-0.02844113924666658,,
410,,0.9646473819422625,-0.5435628548188652,,-0.030816870240818806,,
411,,0.9614006286955092,-0.5423949716071864,,-0.03136642144067214,,
412,,0.9669380879788969,-0.5177522186179765,,-0.030266479500349996,,
413,,0.9682338443766942,,,-0.0320973106977136,,
414,,0.9776159213744295,,,-0.029529445694045364,,
415,,0.9889097012013324,,,-0.025504564610986602,,
416,,0.9835214286181312,,,-0.024046838663464687,,
417,,0.9873455203963338,,,-0.0214995315310047,,
418,,0.9841709172217307,,,-0.018414232075469217,,
419,,0.9746167770943421,,,-0.017509582174980665,,
420,,0.9681859089271395,,,-0.02329410856688241,,
421,,0.9578299218721233,,,-0.024930472203245957,,
422,,0.967640255423464,,,-0.026569517914409646,,
423,,0.9585728979105106,,,-0.03185955804574869,,
424,,0.956938910982406,,,-0.03351002567824457,,
425,,0.9242056867598201,,,-0.028734125604769067,,
426,,0.9258977341371466,,,-0.025626264544439836,,
427,,0.9360328692722817,,,-0.0157848211327396,,
428,,0.9126214980348235,,,-0.013258201389011015,,
429,,0.9263201281718099,,,-0.009297805349407051,,
430,,0.9229417497934315,,,-0.010015036835869462,,
431,,0.9212468345391942,,,-0.019166301863681956,,
432,,0.9086831673065966,,,-0.014095675279111153,,
433,,0.9317230572653311,,,-0.01337495455839044,,
434,,0.9485297799544067,,,-0.01769616449717326,,
435,,,,,-0.011005386920319604,,
436,,,,,-0.009388717259820267,,
437,,,,,-0.01315485786240278,,
438,,,,,-0.010094551831799636,,
439,,,,,-0.010094551831799636,,
440,,,,,-0.0011211132101198729,,
441,,,,,0.01933424075644008,,
442,,,,,0.015499483914885204,,
443,,,,,0.017599221447693658,,
444,,,,,0.010090927401945282,,
445,,,,,0.011498386937483729,,
446,,,,,0.012903868314855349,,
447,,,,,0.0065880788411710745,,
448,,,,,0.0025245300260507975,,
449,,,,,-0.002084581833548649,,
450,,,,,-0.007605507924376864,,
451,,,,,-0.008321840302600303,,
452,,,,,-0.00796341736353201,,
453,,,,,-0.012262951580658599,,
454,,,,,0.0006913485272940223,,
455,,,,,0.0035332668221431662,,
456,,,,,0.009200996188065802,,
457,,,,,0.021529280795321903,,
458,,,,,0.03736087439309499,,
459,,,,,0.06322146696031539,,
460,,,,,0.06322146696031539,,
461,,,,,0.07924817814562435,,
462,,,,,0.057723367103889145,,
463,,,,,0.06158566769163054,,
464,,,,,0.05656726688868641,,
465,,,,,0.06194722653898921,,
466,,,,,0.06479003590353771,,
467,,,,,0.053593949659081375,,
468,,,,,0.03605600699466316,,
469,,,,,0.03897396099397654,,
470,,,,,0.04102770051134774,,
471,,,,,0.03829499342338871,,
472,,,,,0.046001792532825325,,
473,,,,,0.05687874698557849,,
474,,,,,0.055029385855787094,,
475,,,,,0.05014476399289325,,
476,,,,,0.05691524469702325,,
477,,,,,0.05826023460959895,,
478,,,,,0.041134646966885624,,
479,,,,,0.03532665243323341,,
480,,,,,0.028969264117082116,,
481,,,,,0.03605900992375688,,
482,,,,,0.044300768165515314,,
483,,,,,0.04276807061783128,,
484,,,,,0.036116185917166144,,
485,,,,,0.033025526576506925,,
486,,,,,0.03905377321791237,,
487,,,,,0.042649047999627765,,
488,,,,,0.03838429194367421,,
489,,,,,0.04146806785595791,,
490,,,,,0.04659189364588101,,
491,,,,,0.058316617520137615,,
492,,,,,0.0529420793945079,,
493,,,,,0.06273606791190067,,
494,,,,,0.0707628237647433,,
495,,,,,0.07938923385100738,,
496,,,,,0.07856686542995472,,
497,,,,,0.07181789423653906,,
498,,,,,0.06949770862168991,,
499,,,,,0.06767046609677296,,
500,,,,,0.061845869658097685,,
501,,,,,0.05950238120814799,,
502,,,,,0.07057620671150378,,
503,,,,,0.06742320306065752,,
504,,,,,0.06659084081660893,,
505,,,,,0.05876011772430634,,
506,,,,,0.06917153669995713,,
507,,,,,0.08047284964660817,,
508,,,,,0.07242026131464441,,
509,,,,,0.07871582128813681,,
510,,,,,0.07542309820614801,,
511,,,,,0.08037849959366039,,
512,,,,,0.09040479808149737,,
513,,,,,0.08828925699118007,,
514,,,,,0.09840015066371743,,
515,,,,,0.09355675382807005,,
516,,,,,0.09404345077810261,,
517,,,,,0.09161114982139762,,
518,,,,,0.10087642940527264,,
519,,,,,0.10586918186138483,,
520,,,,,0.10106148955369254,,
521,,,,,0.09574747989185683,,
522,,,,,0.10319446062684123,,
523,,,,,0.10190890703532596,,
524,,,,,0.09434655788005641,,
525,,,,,0.09402230366475173,,
526,,,,,0.09986077268843008,,
527,,,,,0.10147315579065508,,
528,,,,,0.104370773305143,,
529,,,,,0.11624878293596164,,
530,,,,,0.12227670171768767,,
531,,,,,0.12243438068331358,,
532,,,,,0.13441609280691436,,
533,,,,,0.1320805944710126,,
534,,,,,0.15347347392135613,,
535,,,,,0.15026295565197834,,
536,,,,,0.15210344644952434,,
537,,,,,0.13801893940727072,,
538,,,,,0.14454067853770558,,
539,,,,,0.15163725366883785,,
540,,,,,0.13968872425707324,,
541,,,,,0.1220143056524221,,
542,,,,,0.13132617433929084,,
543,,,,,0.12819873102420087,,
544,,,,,0.13870853494576962,,
545,,,,,0.1253586436076758,,
546,,,,,0.127089291814095,,
547,,,,,0.13431404444484707,,
548,,,,,0.13961577530403957,,
549,,,,,0.14070155163411557,,
550,,,,,0.15216730930377775,,
551,,,,,0.13776779949985618,,
552,,,,,0.1373015265747708,,
553,,,,,0.12874920189742667,,
554,,,,,0.12780817303920833,,
555,,,,,0.1077139815164454,,
556,,,,,0.11524361945300399,,
557,,,,,0.10379505847351611,,
558,,,,,0.10524451456368122,,
559,,,,,0.10652944871080605,,
560,,,,,0.11326669606403039,,
561,,,,,0.1164534392125326,,
562,,,,,0.11438863616297723,,
563,,,,,0.12250577765589477,,
564,,,,,0.12976817108816519,,
565,,,,,0.12741707390948176,,
566,,,,,0.12081848789219962,,
567,,,,,0.12556307115963605,,
568,,,,,0.14209069590385148,,
569,,,,,0.14209069590385148,,
570,,,,,0.13218050699087536,,
571,,,,,0.10574947790110378,,
572,,,,,0.09996634537098326,,
573,,,,,0.08542441614170548,,
574,,,,,0.07902992524155794,,
575,,,,,0.08695071732076587,,
576,,,,,0.08449492164296624,,
577,,,,,0.07661702897925382,,
578,,,,,0.0858808834043987,,
579,,,,,0.10046865590071064,,
580,,,,,0.08835233926096908,,
581,,,,,0.10944800565508195,,
582,,,,,0.10928785190748425,,
583,,,,,0.11185072232234883,,
584,,,,,0.12383346716976851,,
585,,,,,0.11467653632038433,,
586,,,,,0.1205720111451134,,
587,,,,,0.11106781345780148,,
588,,,,,0.11602543380003716,,
589,,,,,0.10297642043275523,,
590,,,,,0.09620441140340974,,
591,,,,,0.09149661919561758,,
592,,,,,0.0877451920222363,,
593,,,,,0.08954610885262282,,
594,,,,,0.10441781991652221,,
595,,,,,0.10635018706628063,,
596,,,,,0.10956458758058463,,
597,,,,,0.11180745845530415,,
598,,,,,0.11405760600596315,,
599,,,,,0.11246270967422467,,
600,,,,,0.12699945088828224,,
601,,,,,0.13235293852802388,,
602,,,,,0.1425330481599737,,
603,,,,,0.13199041250105903,,
604,,,,,0.12070868263581291,,
605,,,,,0.13132674919682719,,
606,,,,,0.1311699356481365,,
607,,,,,0.12034810377862593,,
608,,,,,0.1220921976425865,,
609,,,,,0.13095576206170645,,
610,,,,,0.1420947642581295,,
611,,,,,0.1422499232961435,,
612,,,,,0.14287046316583007,,
613,,,,,0.1546534089022643,,
614,,,,,0.15112904482013123,,
615,,,,,0.1340599997640034,,
616,,,,,0.13546800977651896,,
617,,,,,0.14687247782838575,,
